id_motivo;nome
134;LEVAR, BUSCAR OU DEVOLVER INSTRUMENTOS DE MEDIÇÃO
135;LEVAR, BUSCAR OU DEVOLVER MATERIAL OU BENS
136;MARCAR PISTA PARA VERIFICAÇÕES NOS TAXÍMETROS
137;MINISTRAR PALESTRA
138;PARTICIPAÇÃO DO CURSO DE METROLOGIA E/OU QUALIDADE
139;PARTICIPAR DE AUDIÊNCIA
140;PARTICIPAR DE AVALIAÇÃO DE DESEMPENHO
141;PARTICIPAR DE CONGRESSO
142;PARTICIPAR DE CURSO
143;PARTICIPAR DE ENCONTRO TÉCNICO
144;PARTICIPAR DE EVENTO DA AMIS
145;PARTICIPAR DE EVENTO MINASPETRO
146;PARTICIPAR DE REUNIÃO INMETRO
147;PARTICIPAR DE TREINAMENTO
148;REALIZAR ATIVIDADES DE AUDITORIA
149;REALIZAR CALIBRAÇÃO DE BALANÇAS
150;REALIZAR INSPEÇÃO DE BANCADA DE HIDRÔMETRO
151;REALIZAR SERVIÇOS DE MANUTENÇÃO, JARDINAGEM E/OU LIMPEZA NAS REGIONAIS DO IPEM-MG
152;REALIZAR SERVIÇOS DE MANUTENÇÃO E/OU ATUALIZAÇÃO DE INFORMÁTICA EM REGIONAIS
153;REALIZAR TREINAMENTO
154;REALIZAR TROCA DE VEÍCULO
155;REUNIÃO COM RBMLQ
156;REUNIÃO GERENCIAL
157;REUNIÃO SOBRE TREINAMENTO DE AUDITORIA SECCIONAL
158;AUDIÊNCIA COM MINISTRO
159;SERVIÇO DE CALIBRAÇÃO DE MEDIDORES VOLUMÉTRICOS
160;SERVIÇO DE FISCALIZAÇÃO EM BA E BO
161;SERVIÇO DE MANUTENÇÃO NAS REGIONAIS
162;SERVIÇO DE VERIFICAÇÃO DE VAGÃO TANQUE EM EMPRESAS
163;TRANSPORTAR PRODUTOS FISCALIZADOS
164;TRANSPORTE DE MATERIAIS ENTRE SEDE E REGIONAIS
165;TRANSPORTE DE MATERIAIS PARA INMETRO
166;TROCA DE PADRÕES
167;VERIFICAÇÃO DA CONFORMIDADE EM EMPRESA
168;VERIFICAÇÃO DA CONFORMIDADE EM EMPRESA DE INSPEÇÃO TÉCNICA E MANUTENÇÃO EM EXTINTORES DE INCÊNDIO
169;VERIFICAÇÃO DA CONFORMIDADE EM EMPRESA REFORMADORA DE PNEUS
170;PARTICIPAÇÃO EM CURSOS E/OU PALESTRAS
171;VERIFICAÇÃO DE BALANÇA RODOVIÁRIA
172;VERIFICAÇÃO EM BALANÇAS DE PRECISÃO
173;VERIFICAÇÃO DE CAMINHÃO TANQUE
174;VERIFICAÇÃO DE CARGA SÓLIDA
175;VERIFICAÇÃO DE INSTRUMENTOS DE PESAGEM
176;VERIFICAÇÃO INICIAL DE INSTRUMENTOS DE MEDIÇÃO
177;FISCALIZAÇÃO DE OBRAS
178;VERIFICAÇÃO DE IPNA E BOMBAS MEDIDORAS
179;VERIFICAÇÃO EM BALANÇAS DE GRANDE PORTE
180;A SERVIÇO DA REGIONAL EM CONVOCAÇÃO PARA REUNIÕES DA SEDE/DO/BH
181;A SERVIÇO DA REGIONAL EM REUNIÃO NAS PREFEITURAS DE JURISDIÇÃO DA 20ª CRG
182;VERIFICAÇÃO EM MEDIDORES DE VELOCIDADE AUTOMOTIVOS
183;VERIFICAÇÃO INICIAL EM TERMÔMETROS CLÍNICOS
184;A SERVIÇO DO NAD, NA EXECUÇÃO DOS TRABALHOS
185;VERIFICAÇÃO INICIAL EM ESFIGMOMANÔMETRO
186;VERIFICAÇÃO METROLÓGICA EM INSTRUMENTOS DE TAXÍMETROS
187;VISITA AS REGIONAIS PARA REALIZAÇÃO DE INVENTÁRIO PATRIMONIAL
188;FISCALIZAÇÃO NO TRANSPORTE REGULAR DE PASSAGEIROS
189;LEVAR E BUSCAR SERVIDOR DE TRECHO
190;VISITA À REGIONAL
191;FISCALIZAÇÃO NOS TERMINAIS RODOVIÁRIOS DE JURISDIÇÃO DA 20ª CRG
192;TESTE
193;VISTORIA DE TRECHO
194;VISTORIA NA OBRA EM LAGOA DA PRATA/LUZ/ESTEIOS(DI)
195;FISCALIZAÇÃO DE TRANSPORTE IRREGULAR
196;FISCALIZAÇÃO NOS POSTOS DE PESAGENS DE VEÍCULOS JUNTO AS BALANÇAS DE JURISDIÇÃO DA 20ª CRG
197;BLITZ EM CONJUNTO  COM A PRE, NAS RODOVIAS DE JURISDIÇÃO DA 20ª CRG
198;BUSCAR E LEVAR DOCUMENTOS COM CARGAS EM FÓRUNS DE JURIDIÇÃO DE 20ª CRG
199;FISCALIZAÇÃO DE TRANSPORTE REGULAR
200;FISCALIZAÇÃO DE OBRAS RODOVIÁRIAS
201;INSPEÇÃO DE TRECHOS
202;TRANSPORTAR AGREGADOS PARA LABORATÓRIO E COMPUTADORES
203;ACOMPANHAMENTO DE OBRAS
204;CONDUZIR DOCUMENTAÇÃO PARA COLHIMENTO DE ASSINATURAS
205;CONFERÊNCIAS DE LIMITES DE CONFRONTAÇÃO PARA GEORREFERENCIAMENTO
206;FISCALIZAÇÃO DE FAIXA DE DOMÍNIO
207;FISCALIZAÇÃO DE SERVIÇOS  DE OBRAS
208;FISCALIZAÇÃO DE SERVIÇOS EXECUTADOS PELA EMPREITEIRA
209;FISCALIZAÇÃO DE TRANSPORTE COLETIVO
210;FISCALIZAÇÃO DE TRANSPORTE IRREGULAR DE PASSAGEIROS
211;FISCALIZAÇÃO DE TRANSPORTE E TRÂNSITO
212;FISCALIZAÇÃO EM BALANÇA DE PESAGEM DE VEÍCULOS
213;FISCALIZAÇÃO RSTC
214;FISCALIZAR A EXECUÇÃO DE OBRAS E SERVIÇOS
215;FISCALIZAR A EXECUÇÃO DE SERVIÇOS DE CONSERVAÇÃO
216;FISCALIZAR CONSERVAÇÃO DA VIA
217;FISCALIZAR CONSERVAÇÃO DO TRECHO
218;FISCALIZAR CONVÊNIOS SETOP/PREFEITURAS
219;FISCALIZAR FAIXA DE DOMÍNIO
220;FISCALIZAR NECESSIDADE DE SERVIÇOS DE CONSERVAÇÃO
221;FISCALIZAR TERMINAIS RODOVIÁRIOS
222;INSPEÇÃO DE PONTES
223;INSPEÇÃO E VISTORIA DE PAVIMENTO E OBRAS DE ARTES ESPECIAIS
224;LEVANTAMENTO DE SERVIÇOS EXECUTADOS PELA EMPREITEIRA, PARA MEDIÇÃO
225;LEVANTAMENTO E PROGRAMAÇÃO DE SERVIÇOS
226;LICENCIAMENTO AMBIENTAL
227;PESAGEM DE VEÍCULOS
228;MEDIÇÃO DE SERVIÇOS DE CONTRATADA
229;REALIZAR BLITZ EDUCATIVA
230;REALIZAR BLITZ EM CONJUNTO COM A PMR
231;MEDIR SERVIÇOS DE CONSERVAÇÃO EXECUTADOS
232;OPERAÇÃO CVC E CTV
233;PARTICIPAÇÃO EM TREINAMENTOS EXTERNOS
234;PARTICIPAR DE REUNIÃO CONFORME CONVOCAÇÃO DO DIRETOR GERAL
235;REALIZAR BLITZ REPRESSIVA EM CONJUNTO COM A PMR
236;REALIZAR VISTORIA EM CONVÊNIO SETOP
237;REALIZAR VISTORIA EM RODOVIA EM CONSTRUÇÃO
238;REALIZAR VISTORIA EM RODOVIAS DA MALHA CONSERVADA
239;REALIZAR VISTORIA PARA LEVANTAMENTO DAS CONDIÇÕES DA MALHA
240;REALIZAR VISTORIA PARA VERIFICAÇÃO DE PEDIDO DE ACESSO A RODOVIA
241;REALIZAR VISTORIA PARA VERIFICAÇÃO DE PEDIDO DE RETIFICAÇÃO DE ÁREA
242;REPRESENTAR O DER NA PROMOTORIA PÚBLICA EM OUTRAS COMARCAS
243;RESOLVER PENDÊNCIAS ADMINISTRATIVAS OU DE MANUTENÇÃO RODOVIÁRIA
244;RETIFICAÇÃO DE ÁREA
245;REUNIÃO
246;REUNIÃO NA SEDE OU OUTRAS REGIONAIS
247;TRANSPORTAR CARGA DA COOPERATIVA
248;TRANSPORTAR COMPUTADOR PARA MANUTENÇÃO
249;VIAGEM PARA BUSCAR MATERIAL NO ALMOXARIFADO CENTRAL
250;VIAGEM PARA LEVAR MATERIAL INSERVÍVEL PARA O DBA
251;VISTORIA DE ACESSOS/TRAVESSIAS
252;VISTORIA DE CONVÊNIOS COM A SETOP
253;VISTORIA PARA LIBERAÇÃO DE PEDIDOS DE ACESSOS
254;VISTORIA PARA PLANEJAMENTO DE MANUTENÇÃO DA MALHA RODOVIÁRIA
255;VISTORIAR OBRAS DE CONSERVAÇÃO ROTINEIRA E OBRAS DE ARTE CORRENTE
256;VISTORIA TÉCNICA EM OBRAS
257;TRANSPORTE DE EQUIPAMENTOS DE ESTRADA
258;ACOMPANHAMENTO DE SERVIÇOS DE MANUTENÇÃO ROTINEIRA/LIMPEZA DE DISPOSITVOS DE DRENAGEM
259;ACOMPANHAMENTO DE SERVIÇOS DE MANUTENÇÃO ROTINEIRA/ROÇADA
260;FISCALIZAÇÃO DE CONVÊNIOS/SETOP
261;REALIZAR FISCALIZAÇÃO AO TRANSPORTE CLANDESTINO E DO TRÂNSITO
262;REALIZAR FISCALIZAÇÃO DE FAIXA DE DOMÍNIO
263;REALIZAR FISCALIZAÇÃO DO TRANSPORTE COLETIVO DE PASSAGEIROS E VEÍCULOS DIVERSOS
264;VIAGEM PARA REPRESENTAR O DER EM PROCESSOS JUDICIAIS
265;ATENDER A PRC, BUSCAR PROCESSO E/OU PROTOCOLAR PETIÇÃO
266;VIAGEM PARA PARTICIPAR DE REUNIÕES
267;ACOMPANHAMENTO DE SERVIÇOS DE INSTALAÇÃO/REMOÇÃO DE SINALIZAÇÃO VERTICAL/HORIZONTAL
268;ACOMPANHAMENTO DE SERVIÇOS DE PROTEÇÃO/RECUPERAÇÃO AMBIENTAL
269;COMBATER O TRANSPORTE IRREGULAR DE PASSAGEIROS NO ÂMBITO DE JURIDIÇÃO DA 21ª COORDENADORIA REGIONAL
270;FISCALIZAÇÃO DE SERVIÇOS DE CONSERVAÇÃO RODOVIÁRIA
271;FISCALIZAÇÃO DE TERMINAIS RODOVIÁRIOS
272;FISCALIZAÇÃO DE VEÍCULOS EM CONJUNTO COM A PRF
273;TRATAR DE ASSUNTOS DIVERSOS RELACIONADOS À COORDENADORIA
274;ACOMPANHAMENTO DE SERVIÇOS DE MANUTENÇÃO ROTINEIRA/ENCASCALHAMENTO
275;ACOMPANHAMENTO DE SERVIÇOS DE MANUTENÇÃO ROTINEIRA/TAPA-BURACOS
276;APOIO EM EVENTOS ESPECIAIS REGIONAIS COM A PMR
277;ASSISTÊNCIA AO NAF
278;ASSISTÊNCIA AO NÚCLEO TÉCNICO
279;ATENDER CONVOCAÇÃO DAS DIRETORIAS
280;BLITZ EDUCATIVA
281;EFETUAR BLITZ DE TRÂNSITO EM RODOVIA
282;FISCALIZAR O SISTEMA OPERACIONAL DE TRANSPORTE COLETIVO INTERMUNICIPAL E DE TRÂNSITO EM RODOVIA
283;TRANSPORTE DE MATERIAIS DIVERSOS
284;BLITZ
285;TRANSPORTAR MATERIAIS DE LIMPEZA PARA A CRG
286;TRANSPORTAR MATERIAL INSERVÍVEL PARA O DBA DE CURVELO
287;VERIFICAR NECESSIDADE DE CONSERVAÇÃO NA RODOVIA
288;VIAGEM ACOMPANHANDO SERVIÇOS DO CONTRATO DE CONSERVAÇÃO
289;SUBSL
290;SUMAV
291;APM
292;FISCALIZAÇÃO DE INVASÃO DE FAIXA DE DOMÍNIO EM RODOVIA
293;SIAC
294;GABINETE
295;FISCALIZAÇÃO DE ACESSO IRREGULAR EM RODOVIA
296;SFIC
297;TRATAR DE ASSUNTOS DIVERSOS NA SEDE DO DEER
298;OPERAÇÕES/APREENSÃO ANIMAIS NAS RODOVIAS
299;FISCALIZAÇÃO/BLITZ/TRANSPORTE IRREGULAR/CLANDESTINO/CARGAS
300;VISTORIA/FISCALIZAÇÃO FAIXA DE DOMÍNIO E CONVÊNIOS
301;FISCALIZAÇÃO/ACOMPANHAMENTO OBRAS RODOVIÁRIAS
302;LEVANTAMENTO/ACOMPANHAMENTO/FISCALIZAÇÃO SERVIÇOS MANUTENÇÃO RODOVIÁRIA
303;EXECUÇÃO SERVIÇOS MANUTENÇÃO RODOVIÁRIA
304;RESOLVER ASSUNTOS INERENTES À SERVIÇOS DA COORDENADORIA REGIONAL
305;PARTICIPAR DE EVENTOS/REUNIÕES/CURSOS/TREINAMENTOS E OUTROS
306;ATENDER CONVOCAÇÃO SUPERIOR
307;REALIZAR/PARTICIPAR PROCESSO PREGÕES/COTEP'S E OUTROS
308;OPERAÇÃO BALANÇA PESAGEM
309;FISCALIZAR CONVÊNIO SETOP COM O MUNICÍPIO
310;FISCALIZAR TRECHO DE RODOVIA
311;TREINAMENTO/CURSO
312;FISCALIZAR OBRA EM RODOVIA
313;FISCALIZAR POSTO DE PESAGEM
314;FISCALIZAR TRANSPORTE IRREGULAR DE PASSAGEIRO
315;FISCALIZAÇÃO DE PARCELAMENTO DE SOLO NA RMBH COM VISTAS REGULAÇÃO
316;"CURSOS; SEMINÁRIO; PALESTRAS; APRESENTAÇÕES DE TRABALHOS"
317;REUNIAO COM PRESTADOR DE SERVIÇO
318;REALIZAÇÃO DE SERVIÇOS DE TI
319;VISITA AO CENTRO/AGENCIA REGIONAL
320;ENCONTRO DAS REGIONAIS
321;TREINAMENTOS/CURSOS/SEMINÁRIOS/CONGRESSOS
322;ESCOLTA SOCIOEDUCATIVO
323;MANUTENÇÃO EM UNIDADE
324;INTERVENÇÃO
325;CURSO/TREINAMENTO
326;INVESTIGAÇÃO
327;MONTAGEM/MANUTENÇÃO DE EQUIPAMENTOS
328;REUNIÃO/PALESTRA
329;VISITA DOMICILIAR SOCIOEDUCATIVO
330;REUNIAO - CONAPREV
331;FISCALIZAÇÃO DE USO OU OCUPAÇÃO DE FAIXA DE DOMÍNIO
332;FISCALIZAÇÃO DE OBRAS CONTRATADAS
333;INSPEÇÃO RODOVIÁRIA
334;FISCALIZAÇÃO DE TRANSPORTE IRREGULAR DE PASSAGEIROS E TRABALHADORES RURAIS
335;FISCALIZAÇÃO TERMINAL RODOVIÁRIO
336;FISCALIZAÇÃO DE SERVIÇO DE MANUTENÇÃO PELAS CONTRATADAS
337;MANUTENÇÃO DE PLACAS DE SINALIZAÇÃO VERTICAL E MARCOS QUILOMÉTRICO
338;TRANSPORTE DE MATERIAIS DE CONSUMO/PERMANENTE E DOCUMENTOS
339;RECONHECIMENTO DE LIMITES
340;VISTORIA A LOCAIS DE ACESSO
341;FISCALIZAÇÃO DE CONVÊNIOS
342;FAZER LEVANTAMENTO DAS CONDIÇÕES DAS RODOVIAS E OBRAS DE ARTES
343;PARTICIPAR DE CURSOS, TREINAMENTOS E REUNIÕES
344;FISCALIZAR TRANSPORTE REGULAR DE PASSAGEIRO
345;FAZER LEVANTAMENTO PARA INFORMAÇÕES EM MEDIÇÕES
346;VISTORIAR SERVIÇOS DE CONSERVAÇÃO EM RODOVIAS REGIONAIS
347;ACOMPANHAMENTO DE SERVIÇOS EXECUTADOS
348;CONDUZIR VEÍCULO OFICIAL
349;FAZER AVALIAÇÃO SUBJETIVA DE RODOVIAS
350;REUNIÃO JUNTAMENTE COM A CEMIG PARA TRATAR DE ASSUNTOS REFERENTES A ILUMINAÇÃO EM RODOVIAS
351;MANUTENÇÃO  E CONSERVAÇÃO DE RODOVIAS
352;CONDUZIR SERVIDOR PARA FISCALIZAÇÃO DE OBRAS
353;FISCALIZAÇÃO DE OBRAS TERCEIRIZADAS
354;FISCALIZAÇÃO DE TRANSPORTE CLANDESTINO DE PASSAGEIROS EM RODOVIAS ESTADUAIS
355;FISCALIZAÇÃO EM LINHAS REGULARES
356;CONDUZIR SERVIDORES PARA FISCALIZAÇÃO DE CONVÊNIOS
357;ATENDIMENTO A SOLICITAÇÃO AGE/PRC
358;CONDUZIR COORDENADOR PARA PARTICIPAR DE REUNIÃO E/OU SERVIÇOS NO TRECHO
359;APANHAR MATERIAIS NO ALMOXARIFADO
360;TRANSPORTE DE MATERIAIS E/OU EQUIPAMENTOS
361;ACOMPANHAR SERVIÇO TERCEIRIZADO DE LIMPEZA DE SARJETA
362;TRANSPORTAR MATERIAIS DIVERSOS
363;REUNIÃO DO COEPE
364;INSPECIONAR TRECHO
365;PARTICIPAR DE REUNIÃO EM BELO HORIZONTE
366;TRANSPORTE DE SERVIDORES
367;LEVAR MATERIAIS DE ESCRITÓRIO
368;VISTORIA PARA RECONHECIMENTO DE LIMITE DE CONFRONTAÇÃO
369;A SERVIÇO DO GABINETE
370;REUNIÃO DO CONUN
371;ACOMPANHAR SERVIÇO TERCEIRIZADO DE TAPA BURACO
372;BUSCAR MATERIAIS DE ESCRITÓRIO
373;ATENDER COORDENADOR REGIONAL
374;ACOMPANHAR SERVIÇO TERCEIRIZADO DE RECAPEAMENTO
375;PARTICIPAÇÃO EM CONGRESSO
376;TREINAMENTO EM BELO HORIZONTE
377;INSPECIONAR FAIXA DE DOMÍNIO
378;AUDIÊNCIA
379;PARTICIPAR DE REUNIÃO
380;APRESENTAÇÃO DE TRABALHO
381;ACOMPANHAR SERVIÇO TERCEIRIZADO DE CONFORMAÇÃO MECÂNICA
382;CONSEA
383;VIAGEM A SERVIÇO
384;PLENÁRIA ORDINÁRIA DE CONSELHO ESTADUAL
385;FISCALIZAÇÃO TRANSPORTE REGULAR /IRREGULAR
386;FISCALIZAÇÃO TERMINAL RODOVIÁRIO E POSTO DE PARADA
387;FISCALIZAÇÃO DE TRECHOS DE CONSERVA DA COORDENADORIA
388;BUSCAR PROCESSOS/PROTOCOLAR DOCUMENTOS JUNTO AOS FÓRUNS DA ÁREA DE JURISDIÇÃO DA COORDENADORIA
389;VIAGEM À SEDE/DER, PARA RESOLVER ASSUNTOS DE INTERESSE DA COORDENADORIA JUNTO ÀS DIRETORIAS E GERÊNCIAS
390;CONFERÊNCIA DE INVENTÁRIO DE MATERIAIS PERMANENTE - COM TERMOS DE CESSÕES
391;VISTORIA DE CONVÊNIO COM AS PREFEITURAS MUNICIPAIS
392;ACOMPANHAR E FISCALIZAR SERVIÇOS DE EMPREITEIRAS NA ÁREA DE CONSERVA DA CRG
393;LEVANTAMENTO DE PONTOS CRÍTICOS
394;ACOMPANHAR SERVIÇO TERCEIRIZADO DE CAPINA DE PLACAS
395;ACOMPANHAR SERVIÇO TERCEIRIZADO DE ENCASCALHAMENTO
396;ACOMPANHAR SERVIÇO TERCEIRIZADO LIMPEZA DE DISP. DE DRENAGEM
397;VISTORIA PARA IMPLANTAÇÃO DE ACESSOS
398;ACOMPANHAR SERVIÇOS DE REMOÇÃO DE BARREIRAS
399;ACOMPANHAR SERVIÇOS DE CONTROLE DE ATOLEIRO
400;VISTORIA DE FAIXA DE DOMÍNIO
401;BUSCAR PROCESSO JUDICIAL
402;FAZER CARGA DE PROCESSO JUDICIAL
403;PROTOCOLAR PETIÇÕES JUDICIAIS
404;VISITA TÉCNICA A UNIDADE
405;PARA REALIZAR TRABALHO DE AUDITORIA, CONFORME PREVISTO NO PLANO ANUAL DE AUDITORIA
406;PARA APURAR FATOS E/OU RESPONSÁVEIS EM DECORRÊNCIA DA INSTAURAÇÃO DE PROCEDIMENTO ADMINISTRATIVO DISCIPLINAR
407;PARA APURAR FATOS E/OU RESPONSÁVEIS EM DECORRÊNCIA DA INVESTIGAÇÃO PRELIMININAR
408;VISITA TÉCNICA - BALANÇA
409;TRANSPORTAR MATERIAIS PARA OS DBA'S
410;MINISTRAR CURSOS DE EDUCAÇÃO PARA O TRÂNSITO PARA EDUCADORES DE TRÂNSITO
411;VERIFICAR OBRAS DE RECUPERAÇÃO FUNCIONAL E OBRAS DE ESTABILIDADE TALUDE
412;INSPECIONAR OBRAS DO PROMG
413;VERIFICAR SITUAÇÃO DE PONTES
414;VERIFICAR OS SERVIÇOS DE CONSERVAÇÃO DA MALHA RODOVIÁRIA
415;INSPECIONAR BUEIROS ROMPIDOS
416;INSPECIONAR A QUALIDADE DE MALHA VIÁRIA E PROCESSOS EROSIVOS
417;REALIZAR ESTUDOS PARA A INSTALAÇÃO DE QUEBRA-MOLA OU FAIXA ELEVADA
418;FISCALIZAÇÃO DO TRANSPORTE DE TRABALHADORES RURAIS
419;OPERAÇÃO EM POSTOS DE PESAGEM
420;OPERAÇÃO EM TERMINAIS RODOVIÁRIOS E PONTOS DE PARADA
421;OPERAÇÃO PRESENÇA
422;OPERAÇÃO ESPECIAL
423;PESQUISAS DIVERSAS
424;FISCALIZAÇÃO DO TRANSPORTE IRREGULAR
425;INSPEÇÃO EM INSTALAÇÃO DAS EMPRESAS DE TRANSPORTE PASSAGEIROS
426;CONTROLE DE TRÁFEGO
427;FISCALIZAÇÃO DE TRANSPORTE DE PESSOAS
428;FISCALIZAÇÃO DE OBRAS E CONVÊNIOS
429;FISCALIZAÇÃO EM BALANÇA DE PESAGEM
430;ATENDER AO NÚCLEO ADMINISTRATIVO
431;ATENDER AO NÚCLEO TÉCNICO
432;ATENDER CONVOCAÇÃO
433;PARTICIPAÇÃO EM CURSO OU TREINAMENTO
434;ATENDER SERVIDOR
435;FISCALIZAR TRÂNSITO E O TRANSPORTE IRREGULAR DE PESSOAS
436;FISCALIZAR LINHAS REGULARES DE TRANSPORTE COLETIVO
437;FAZER BLITZ EDUCATIVA DE TRÂNSITO
438;VISTORIAR CONDIÇÕES DA MALHA RODOVIÁRIA
439;FISCALIZAR SERVIÇO DE LIMPEZA DE BUEIROS COM HIDROJATO
440;EFETUAR LEVANTAMENTO DE EROSÃO E DE BARREIRAS EXISTENTES NA RODOVIA
441;PLENÁRIA DO CEAS
442;REPRESENTAÇÕES FIXAS
443;CONFERÊNCIA
444;AVALIAÇÃO DO PAS-BARRAGEM
445;CÂMARA TÉCNICO
446;REUNIÃO DA CIB
447;APURAÇÃO DE DENÚNCIA
448;ATENDIMENTO AOS CMAS E OUTROS
449;OUTRAS REUNIÕES
450;OUVIDORIA MÓVEL
451;PARTICIPAÇÃO EM AUDIÊNCIA
452;VISITA TÉCNICA
453;PARTICIPAÇÃO EM CURSOS
454;SUPERVISÃO DA QUALIDADE
455;EFETUAR VISTORIAS/FISCALIZAR CONVÊNIO SETOP/PREFEITURA
456;AUXILIAR SERVIDOR NO LEVANTAMENTO DAS CONDIÇÕES DA MALHA RODOVIÁRIA
457;FAZER CARGA DE PROCESSO NO FÓRUM, CONFORME SOLICITAÇÃO DA PROCURADORIA JURÍDICA
458;PROTOCOLAR EXPEDIENTE NO FÓRUM, CONFORME SOLICITAÇÃO DA PROCURADORIA JURÍDICA
459;FISCALIZAR SERVIÇO DE MANUTENÇÃO NA RODOVIA
460;PARTICIPAR DE REUNIÃO CONFORME CONVOCAÇÃO
461;PARTICIPAR DE CURSO/TREINAMENTO, CONFORME CONVOCAÇÃO
462;TRANSPORTAR MATERIAIS
463;TRATAR DE ASSUNTOS DE INTERESSE DESTA COORDENADORIA EM DIVERSAS DIRETORIAS
464;REALIZAR BLITZ
465;FISCALIZAÇÃO DA EXECUÇÃO DE OBRAS
466;FISCALIZAÇÃO DO TRANSPORTE COLETIVO E DO TRÂNSITO
467;ATENDER CONVOCAÇÃO DA DIRETORIA (REUNIÃO COM O DIRETOR GERAL)
468;FISCALIZAÇÃO DO TRANSPORTE CLANDESTINO DE PASSAGEIROS
469;FISCALIZAÇÃO INVASÃO DE FAIXA DE DOMÍNIO
470;FISCALIZAÇÃO CONVÊNIOS SETOP
471;ASSUNTOS DE INTERESSE ADMINISTRATIVO DA CRG
472;FISCALIZAÇÃO ROTINEIRA DE PAVIMENTO DAS RODOVIAS SOB CIRCUNSCRIÇÃO DA CRG
473;FISCALIZAÇÃO DO TRANSPORTE COLETIVO EM TERMINAIS RODOVIÁRIOS
474;FISCALIZAÇÃO EM POSTOS DE PESAGEM
475;FISCALIZAÇÃO DE ACESSOS
476;FISCALIZAÇÃO DE TRAVESSIAS AÉREAS DA CEMIG
477;FISCALIZAR BALANÇAS
478;FAIXA DE DOMÍNIO
479;SERVIÇOS DE CONSERVAÇÃO DE TRECHOS
480;ATENDER SOLICITAÇÃO DAS DIRETORIAS
481;PARTICIPAR DE TREINAMENTOS E CURSOS
482;FISCALIZAÇÃO TRANSPORTE IRREGULAR/COLETIVO
483;FISCALIZAÇÃO TRANSPORTE CLANDESTINO/RSTC - REGULAMENTO DE SERVIÇOS TRANSPORTE COLETIVO
484;FISCALIZAÇÃO DE SERVIÇOS DE MANUTENÇÃO RODOVIÁRIA
485;INSPEÇÃO DOS SERVIÇOS DE MANUTENÇÃO RODOVIÁRIA
486;INSPEÇÃO DE SERVIÇOS DO CONTRATO DE MANUTENÇÃO RODOVIÁRIA
487;FISCALIZAÇÃO DE OBRAS DE IMPLANTAÇÃO
488;FISCALIZAÇÃO DE SERVIÇOS
489;FISCALIZAÇÃO POSTO DE PESAGEM NA MGC-367/MGC-451
490;FISCALIZAR A EXECUÇÃO DE SERVIÇOS
491;FISCALIZAÇÃO DE SERVIÇOS ROTINEIROS E NÃO ROTINEIROS(CONSTRUÇÕES IRREGULARES, PROJETOS, TRAVESSIAS, PROJETOS ACESSOS, ETC
492;FISCALIZAÇÃO DE FAIXA DE DOMÍNIO E ÁREAS ADJACENTES
493;FISCALIZAÇÃO DE TRANSPORTE E OBRAS RODOVIÁRIOS
494;LEVANTAMENTO DE SERVIÇOS ROTINEIROS E NÃO ROTINEIROS
495;REUNIÕES, PALESTRAS, CURSOS E TREINAMENTOS
496;DESAPROPRIAÇÃO
497;COMPRAS
498;FISCALIZAÇÃO DO TRANSPORTE COLETIVO DE PASSAGEIROS (LINHAS REGULARES)
499;FISCALIZAÇÃO DE LINHAS REGULARES E DE TRANSPORTE E TRÂNSITO
500;FISCALIZAÇÃO DE OBRAS DE RECUPERAÇÃO E MANUTENÇÃO
501;FISCALIZAÇÃO DE OBRAS DE IMPLANTAÇÃO E PAVIMENTAÇÃO
502;VISTORIA DE OBRAS CONVENIADAS PELA SETOP
503;CONDUZIR SERVIDOR
504;ATENDER SOLICITAÇÃO DA PROCURADORIA DO DER/MG
505;PATROLAMENTO DE ESTRADAS
506;OPERAÇÃO TAPA BURACO EM RODOVIAS
507;RECOLOCAÇÃO DE SINALIZAÇÃO VERTICAL EM RODOVIAS
508;REALIZAR LEVANTAMENTO DE TRECHO
509;FISCALIZAR OBRAS EM RODOVIAS
510;CONDUZIR SERVIDOR(ES) EM VIAGEM A SERVIÇO
511;IMPLANTAÇÃO SIGAS
512;REUNIÃO
513;PARTICIPAR DE REUNIÃO
514;FAZER CARGA E CÓPIAS DE PROCESSO NOS FÓRUNS DOS MUNICÍPIOS SOLICITADOS PELA PRC
515;VIAGEM À SEDE BH E OUTRAS CRG'S, PARA TRANSPORTES DE MATERIAIS
516;VIAGEM À SEDE/DER POR OCASIÃO DE CONVOCAÇÃO DAS DIRETORIAS
517;FISCALIZAÇÃO DE TRANSPORTE COLETIVO E TRÂNSITO
518;OPERAÇÃO CONJUNTA COM OUTRAS CRG'S
519;OPERAÇÃO RSTC
520;AÇÃO EDUCATIVA
521;OPERAÇÃO EMERGENCIAL
522;REALIZAR VISTORIA EM OBRA DE CONVÊNIO SETOP
523;ACOMPANHAR SERVIÇO DE MANUTENÇÃO RODOVIÁRIA
524;FISCALIZAÇÃO E MONITORAMENTO DE OBRA
525;FISCALIZAÇÃO DE FAIXA DE DOMÍNIO EM PROCESSOS DE RETIFICAÇÃO DE ÁREA
526;REALIZAR LAUDO DE VISTORIA A LOCAL DE ACESSO
527;FISCALIZAÇÃO DE FAIXA DE DOMÍNIO EM PROCESSOS DE USO E OCUPAÇÃO DA MESMA
528;INSPEÇÃO E MONITORAMENTO DA MALHA VIÁRIA
529;PARTICIPAR DE REUNIÃO COM AS DIRETORIAS
530;REALIZAÇÃO DE TREINAMENTOS
531;REUNIÃO NAS CRG'S - PÓLOS/VIZINHOS
532;ACOMPANHAMENTO E FISCALIZAÇÃO DE SERVIÇOS SENDO EXECUTADOS NAS RODOVIAS SOB JURISDIÇÃO DA COORDENADORIA
533;ATENDIMENTO EMERGENCIAL
534;AVALIAÇÃO DE TRECHO RODOVIÁRIO
535;ATIVIDADES FINALÍSTICAS DA SEÇÃO ADMINISTRATIVA E DE FISCALIZAÇÃO DA COORDENADORIA
536;FISCALIZAÇÃO A ACOMPANHAMENTO OPERAÇÃO REPERFILAMENTO
537;LEVANTAMENTOS BUEIROS, PONTES NAS RODOVIAS SOB JURISDIÇÃO DA COORDENADORIA
538;FISCALIZAÇÃO DE OBRAS/MANUTENÇÃO/FAIXA DE DOMÍNIO/JURÍDICA A SERVIÇO DO DER/MG - 19ª CRG - PROJETO: 4186
539;RECONFORMAÇÃO MECÂNICA
540;ACOMPANHAMENTO DE OPERAÇÃO DE TAPA BURACOS NAS RODOVIAS SOB JURISDIÇÃO DA COORDENADORIA
541;VISTORIA DE CONVÊNIOS
542;OPERAÇÃO DE FISCALIZAÇÃO DE TRÂNSITO E BLITZ EDUCATIVAS NAS RODOVIAS SOB JURISDIÇÃO DA COORDENADORIA
543;LEVANTAMENTO, FISCALIZAÇÃO E INSTALAÇÃO DE PLACAS NAS RODOVIAS SOB JURISDIÇÃO DA COORDENADORIA
544;LEVANTAMENTOS DE PONTOS CRÍTICOS NAS RODOVIAS SOB JURISDIÇÃO DA COORDENADORIA
545;LEVANTAMENTOS FOTOGRÁFICOS NAS RODOVIAS SOB JURISDIÇÃO DA COORDENADORIA
546;ACOMPANHAMENTO DE LIMPEZA DE BUEIROS NAS RODOVIAS SOB JURISDIÇÃO DA COORDENADORIA
547;ATENDIMENTO DA SEÇÃO TÉCNICA NO ÂMBITO DA JURISDIÇÃO DA COORDENADORIA
548;ATENDIMENTO DE SEÇÃO ADMINISTRATIVA NO ÂMBITO DA JURISDIÇÃO DA COORDENADORIA
549;DESPESA COM DIÁRIA DE VIAGEM - FISCALIZAÇÃO TRANSPORTE COLETIVO - 19ª CRG - PROJETO: 2002
550;PARTICIPAR DE REUNIÃO
551;VISITA TÉCNICA E REUNIÃO NAS UNIDADES LOCALIZADAS NO INTERIOR
552;PALESTRAS REALIZADAS FORA DA SEDE
553;REUNÃO CONFAP
554;REUNIÃO CNPQ
555;VISITA A PACIENTES HEMOFÍLICOS
556;REUNIÃO EXTRAORDINÁRIA DA UNIDADE REGIONAL COLEGIADA - URC DO TRIÂNGULO MINEIRO E ALTO PARANAÍBA DO CONSELHO ESTADUAL DE POLÍTICA AMBIENTAL  COPAM.
557;ASSESSORIA DE COMUNICAÇÃO EM AUDIÊNCIA PÚBLICA A REALIZAR-SE NA UEMG - HIDROEX, EM FRUTAL-MG
558;MONITORAMENTO DE CONVÊNIO DE SAÍDA
559;EMPENHO
560;MANUTENÇÃO
561;PARTICIPAR DO EVENTO COMBATE ÀS FRAUDES METROLÓGICAS NA VENDA DE COMBUSTÍVEIS
562;PARTICIPAR DE EVENTO
563;LEILÕES REGIONALIZADOS SEPLAG
564;FÓRUNS REGIONAIS
565;VISITA TÉCNICA AS UNIDADES UAI/TEC'S DO TRIÂNGULO SUL.
566;ATIVIDADE ADMINISTRATIVA
567;-INTERNACIONAL/CONVIDADO
568;OPERAÇAO KIT ESCOLAR 2017
569;OPERAÇÃO KIT ESCOLAR 2017
570;OPERAÇÃO KIT ESCOLAR 2017
571;OPERAÇÃO KIT ESCOLAR 2017
572;OPERAÇAO KIT ESCOLAR 2017
573;OPERAÇÃO KIT ESCOLAR 2017
574;OPERAÇAO KIT ESCOLAR 2017
575;OPERAÇÃO KIT ESCOLAR 2017
576;OPERAÇAO KIT ESCOLAR 2017
577;OPERAÇAO KIT ESCOLAR 2017
578;OPERAÇÃO KIT ESCOLAR 2017
579;OPERAÇÃO KIT ESCOLAR 2017
580;OPERAÇAO KIT ESCOLAR 2017
581;OPERAÇAO KIT ESCOLAR 2017
582;OPERAÇAO KIT ESCOLAR 2017
583;OPERAÇÃO KIT ESCOLAR 2017
584;OPERAÇAO KIT ESCOLAR 2017
585;OPERAÇÃO KIT ESCOLAR 2017
586;OPERAÇAO KIT ESCOLAR 2017
587;OPERAÇÃO KIT ESCOLAR 2017
588;OPERAÇAO KIT ESCOLAR 2017
589;OPERAÇAO KIT ESCOLAR 2017
590;OPERAÇÃO KIT ESCOLAR 2017
591;OPERAÇAO KIT ESCOLAR 2017
592;OPERAÇÃO KIT ESCOLAR 2017
593;OPERAÇAO KIT ESCOLAR 2017
594;OPERAÇAO KIT ESCOLAR 2017
595;OPERAÇÃO KIT ESCOLAR 2017
596;OPERAÇAO KIT ESCOLAR 2017
597;OPERAÇÃO KIT ESCOLAR 2017
598;OPERAÇÃO KIT ESCOLAR 2017
599;OPERAÇAO KIT ESCOLAR 2017
600;OPERAÇAO KIT ESCOLAR 2017
601;OPERAÇAO KIT ESCOLAR 2017
602;OPERAÇÃO KIT ESCOLAR 2017
603;OPERAÇAO KIT ESCOLAR 2017
604;OPERAÇAO KIT ESCOLAR 2017
605;OPERAÇAO KIT ESCOLAR 2017
606;OPERAÇÃO KIT ESCOLAR 2017
607;OPERAÇÃO KIT ESCOLAR 2017
608;OPERAÇAO KIT ESCOLAR 2017
609;OPERAÇÃO KIT ESCOLAR 2017
610;OPERAÇÃO KIT ESCOLAR 2017
611;OPERAÇÃO KIT ESCOLAR 2017
612;OPERAÇÃO KIT ESCOLAR 2017
613;OPERAÇAO KIT ESCOLAR 2017
614;OPERAÇAO KIT ESCOLAR 2017
615;OPERAÇÃO KIT ESCOLAR 2017
616;OPERAÇÃO KIT ESCOLAR 2017
617;OPERAÇAO KIT ESCOLAR 2017
618;OPERAÇÃO KIT ESCOLAR 2017
619;OPERAÇAO KIT ESCOLAR 2017
620;OPERAÇAO KIT ESCOLAR 2017
621;OPERAÇÃO KIT ESCOLAR 2017
622;OPERAÇÃO KIT ESCOLAR 2017
623;OPERAÇÃO KIT ESCOLAR 2017
624;OPERAÇAO KIT ESCOLAR 2017
625;OPERAÇÃO KIT ESCOLAR 2017
626;OPERAÇÃO KIT ESCOLAR 2017
627;FISCALIZAÇÃO - NUTRICÃO
628;INTERNACIONAL - A SERVIÇO
629;MONITORAMENTO DE PDP'S
630;ADMINISTRATIVA
631;FUNDAÇÃO RENOVA
632;FUNDAÇÃO RENOVA
633;FUNDAÇÃO RENOVA
634;CAPACITAÇÃO DA EQUIPE PRONATEC/SEDECTES
635;REUNIÃO DO PROGRAMA ALIANÇA ESTRATÉGICA  (APAE)
636;AUDIÊNCIA PÚBLICA
637;ESCOLTA PRISIONAL HOSPITALAR
638;PROGRAMA CIÊNCIA EM MOVIMENTO
1;NACIONAL - A SERVIÇO
2;NACIONAL - CONVOCAÇÃO
3;NACIONAL - TREINAMENTO
4;NACIONAL - CONGRESSO
5;NACIONAL - ENCONTRO/SEMINÁRIO
6;INTERNACIONAL - A SERVIÇO
7;INTERNACIONAL - CONVOCAÇÃO
8;INTERNACIONAL - TREINAMENTO
9;INTERNACIONAL - CONGRESSO
10;INTERNACIONAL - ENCONTRO/SEMINÁRIO
11;TESTE MG
12;FÓRUNS REGIONAIS
13;EXECUTAR SERVIÇOS ADMINISTRATIVOS
14;FÓRUNS REGIONAIS 2017
15;PLANTÃO REGIONALIZADO
16;DILIGENCIA POLICIAL
17;CONSEC
18;ATIVIDADE DE ENSINO/CURSO/CAPACITAÇÃO
19;PROTEÇÃO E SOCORRO A VÍTIMAS DE DESASTRES
20;PARTICIPAR DE REUNIÃO.
21;ACOMPANHAR COMISSÃO DO CONSELHO ESTADUAL DE EDUCAÇÃO EM VISTORIA IN LOCO.
22;COLETA DE DADOS PARA PROJETO DE PESQUISA.
23;FISCALIZAR OBRAS.
24;PARTICIPAR DE CURSO/TREINAMENTO.
25;PARTICIPAR DE SEMINARIO, SIMPÓSIO, WORKSHOP OU OUTRO EVENTO.
26;PARTICIPAR DE SOLENIDADE OU OUTRO EVENTO COMEMORATIVO.
27;REALIZAR VISITA TÉCNICA.
28;REALIZAR VISTORIA/MANUTENÇÃO EM UNIDADES DA UNIMONTES.
29;TRANSPORTE DE MATERIAIS PARA FINALIDADES DIVERSAS.
30;TRANSPORTE DE PROFESSORES E ALUNOS PARA FINS DIVERSOS.
31;TRANSPORTE DE SERVIDORES PARA FINS DIVERSOS.
32;TRABALHAR EM PROCESSO ELEITORAL DA UNIMONTES.
33;COBERTURA AOS FÓRUNS REGIONAIS E ACOMPANHAR SECRETÁRIO.
34;FISCALIZAÇÃO OPERACIONAL E VISTORIA TÉCNICA EM OBRA NA CONCESSÃO DA RODOVIA MG-050.
35;VISTORIA NAS RODOVIAS DE JURISDIÇÃO DA 20ª CRG
36;VIAGEM DE COLETA EXTERNA
37;VIAGEM DE COLETA EXTERNA À PACE
38;VIAGEM DE CAPACITAÇÃO E TREINAMENTO.
39;VIAGEM SUPERVISÃO TÉCNICA
40;VIAGEM PARTICIPAÇÃO DO ENCONTRO DA REDE
41;VIAGEM SUPERVISÃO NAS AGÊNCIAS ASSISTÊNCIA TRANSFUSIONAL
42;POLICIAMENTO OSTENSIVO GERAL
43;ATIVIDADE DE GESTÃO DE DESASTRES
44;AJUDANTE DE ORDENS
45;SEGURANÇA GOVERNAMENTAL DO GOVERNADOR E FAMÍLIA
46;SEGURANÇA GOVERNAMENTAL DO VICE GOVERNADOR E FAMÍLIA
47;SEGURANÇA GOVERNAMENTAL
48;ESCOLTA DE DIGNITÁRIOS
49;ATIVIDADE DE INFORMAÇÕES/BUSCA DE DADOS
50;PROCESSOS ADMINISTRATIVOS/APURAÇÕES
51;ASSISTENTE MILITAR DO VICE GOVERNADOR
52;ASSISTENTE MILITAR DO GOVERNADOR
53;COORDENAÇÃO DO SISTEMA DE PROTEÇÃO E DEFESA CIVIL
54;AJUDANTE DE ORDENS DO GOVERNADOR
55;AJUDANTE DE ORDENS DO VICE GOVERNADOR
56;ASSISTENTE MILITAR
57;ESCOLTA DO GOVERNADOR
58;ESCOLTA DO VICE GOVERNADOR
59;TRANSPORTE ÁEREO DE ÓRGÃOS/MG TRANSPLANTES
60;TRANSPORTE DE AUTORIDADES
61;ASSESSORIA MILITAR DO CERIMONIAL
62;ASSESSORIA ADMINISTRATIVA DE PLANEJAMENTO/FINANÇAS/ORÇAMENTÁRIA
63;FISCALIZAÇÃO E MONITORAMENTO DA CEDEC
64;TRANSPORTE DE MATERIAIS DE PROTEÇÃO E DEFESA CIVIL
65;TRANSPORTE DE MATERIAIS
66;OPERAÇÃO DE DISTRIBUIÇÃO DE ÁGUA POTÁVEL
67;PLANEJAMENTO DA OPERAÇÃO DE DISTRIBUIÇÃO DE ÁGUA POTÁVEL
68;ATIVIDADE DE GESTÃO DO RISCO DE DESASTRES
69;ATIVIDADE DE SEGURANÇA GOVERNAMENTAL/LEVANTAMENTOS PRELIMINARES
70;VERIFICAÇÃO EM INSTRUMENTOS DA ÁREA COMERCIAL
71;ENTREGA DE VEÍCULOS TERRESTRE E/OU MANUTENÇÃO
72;ENTREGA DE VEÍCULOS AÉREO E/OU MANUTENÇÃO
73;VERIFICAÇÃO E FISCALIZAÇÃO EM INSTRUMENTOS INDUSTRIAIS
74;AUXILIAR NA FISCALIZAÇÃO DE PRODUTOS
75;AUXILIAR NA FISCALIZAÇÃO DE PRODUTOS COM CONFORMIDADE AVALIADA
76;FISCALIZAÇÃO DE PRODUTOS COM CERTIFICAÇÃO COMPULSÓRIA E REGULAMENTADOS
77;ACOMPANHAR O DIRETOR GERAL
78;ASSESSORAR O DIRETOR GERAL
79;AUDITORIA DE ROTEIROS
80;SERVIÇO DE VERIFICAÇÃO E FISCALIZAÇÃO EM BALANÇAS
81;VERIFICAÇÃO E FISCALIZAÇÃO EM INSTRUMENTOS DE PESAR E MEDIR
82;REUNIÕES PARA ANUCIAR NOVOS CURSO E VISITAS TÉCNICAS NAS UNIDADES UAITEC-MG
83;VISITA TÉCNICA E/OU ESTRATÉGICA E REUNIÃO COM PREFEITO.
84;ENCONTRO/CONGRESSO/SEMINÁRIO
85;ESCOLTA PRISIONAL
86;INTERVENÇÃO ADMINISTRATIVA
87;ESCOLTA PRISIONAL
88;ATENDIMENTO A DENÚNCIAS DE METROLOGIA
89;ATENDIMENTO A DENÚNCIAS
90;CONGRESSOS
91;TREINAMENTOS EXTERNOS
92;PROCEDIMENTO ADMINISTRATIVO DISCIPLINAR
93;VERIFICAÇÃO E FISCALIZAÇÃO EM INSTRUMENTOS NA ÁREA MÉDICA
94;REUNIAO
95;ATENDIMENTO A DENÚNCIAS DE QUALIDADE
96;VERIFICAÇÃO E FISCALIZAÇÃO DE BOMBAS MEDIDORAS
97;ATENDIMENTO A DENÚNCIAS DE PREMEDIDOS
98;AUDITORIA EM OFICINAS CREDENCIADAS
99;AUXILIAR NA VERIFICAÇÃO DE TAXÍMETRO
100;AUDITORIA EM POSTOS DE ENSAIOS DE CRONOTACÓGRAFOS
101;AUXILIAR FISCAL EM VERIFICAÇÃO METROLÓGICA EM INSTRUMENTOS DE MEDIR, PESAR E BOMBAS MEDIDORAS
102;AUXILIAR NA CALIBRAÇÃO DE MEDIDORES VOLUMÉTRICOS
103;AUXILIAR NA VERIFICAÇÃO DE INSTRUMENTOS DE PESAR E MEDIR
104;AUXILIAR NA VERIFICAÇÃO EM BALANÇAS DE GRANDE PORTE
105;AUXILIAR NA VERIFICAÇÃO EM BALANÇAS DE PRECISÃO
106;AUXILIAR SERVIDOR DO IPEM-MG NAS FISCALIZAÇÕES DE CRONOTACÓGRAFO
107;AUXILIAR SERVIDOR IPEM-MG NAS AUDITORIAS EM POSTOS DE ENSAIOS DE CRONOTACÓGRAFO
108;AUXILIAR SERVIDOR IPEM-MG NAS VERIFICAÇÕES DE ARQUEAÇÃO, VAGÃO E MEDIDOR VOLUMÉTRICO
109;BUSCAR OU LEVAR VIATURA DO IPEM-MG ENTRE SEDE E REGIONAIS
110;CONDUZIR DIRIGENTES E/OU REPRESENTANTES DE OUTROS ÓRGÃOS/ENTIDADES
111;CONDUZIR E AUXILIAR SERVIDOR IPEM-MG NA FISCALIZAÇÃO DE PRODUTOS PRÉ-MEDIDOS
112;CONDUZIR FUNCIONÁRIOS DO IPEM-MG
113;CONDUZIR DIRETOR GERAL
114;CONDUZIR SERVIDOR DO IPEM-MG EM FISCALIZAÇÃO
115;CONDUZIR SERVIDOR DO IPEM-MG NA FISCALIZAÇÃO DE PRODUTOS PRÉ-MEDIDOS
116;CONDUZIR SERVIDORES DO IPEM-MG
117;CONDUZIR VEÍCULO OFICIAL DO IPEM-MG
118;CONDUZIR VEÍCULO PARA VERIFICAÇÃO DE INSTRUMENTOS METROLÓGICOS
119;EXECUTAR SERVIÇOS DE ARQUEAÇÃO DE TANQUES
120;FISCALIZAÇÃO DE PRODUTOS PRÉ-MEDIDOS
121;ACOMPANHAR FUNCIONÁRIO DO JURÍDICO EM AUDIÊNCIA
122;ACOMPANHAR A INSTALAÇÃO DE INSTRUMENTO DE ENSAIO DE CRONOTACÓGRAFO
123;ACOMPANHAR SERVIDOR EM VERIFICAÇÃO DE MEDIDORES DE VELOCIDADE
124;ACOMPANHAR MEMBRO DA DIRETORIA
125;FISCALIZAÇÃO DE PRODUTOS TÊXTEIS
126;FISCALIZAÇÃO DE PRODUTOS TÊXTEIS E PRODUTOS COM CERTIFICAÇÃO COMPULSÓRIA
127;FISCALIZAÇÃO E VERIFICAÇÃO DE TAXÍMETROS, IPNA E BOMBAS MEDIDORAS
128;FISCALIZAÇÃO EM CRONOTACÓGRAFOS
129;FISCALIZAÇÃO EM PRODUTOS PERIGOSOS
130;FISCALIZAÇÃO NAS EMPRESAS DE MANUTENÇÃO E RECARGAS E POSTOS DE VENDA EM EXTINTOR DE INCÊNDIO
131;FISCALIZAR PRODUTOS COM CONFORMIDADE AVALIADA
132;INSPEÇÃO NAS EMPRESAS INSTALADORAS DE GNV
133;LEVAR APARELHOS DE MEDIÇÃO PARA CALIBRAÇÃO
639;DESLOCAMENTO EM VIRTUDE DO ROMPIMENTO DA BARRAGEM DE FEIJÃO - BRUMADINHO MG
640;DESLOCAMENTO EM VIRTUDE DO ROMPIMENTO DA BARRAGEM DE FEIJÃO - BRUMADINHO MG
641;DESLOCAMENTO EM VIRTUDE  DO ROMPIMENTO DA BARRAGEM DE FEIJÃO - BRUMADINHO MG
642;DESLOCAMENTO EM VIRTUDE DO ROMPIMENTO DA BARRAGEM DE FEIJÃO - BRUMADINHO MG
643;DESLOCAMENTO EM VIRTUDE DO ROMPIMENTO DA BARRAGEM DE FEIJÃO - BRUMADINHO MG
644;DESLOCAMENTO EM VIRTUDE DO ROMPIMENTO DA BARRAGEM DE FEIJÃO - BRUMADINHO MG
645;DESLOCAMENTO EM VIRTUDE DO ROMPIMENTO DA BARRAGEM DE FEIJÃO - BRUMADINHO MG
646;DESLOCAMENTO EM VIRTUDE DO ROMPIMENTO DA BARRAGEM DE FEIJÃO - BRUMADINHO MG
647;DESLOCAMENTO EM VIRTUDE DO ROMPIMENTO DA BARRAGEM DE FEIJÃO - BRUMADINHO MG
648;DESLOCAMENTO EM VIRTUDE DO ROMPIMENTO DA BARRAGEM DE FEIJÃO - BRUMADINHO MG
649;DESLOCAMENTO EM VIRTUDE DO ROMPIMENTO DA BARRAGEM DE FEIJÃO - BRUMADINHO MG
650;DESLOCAMENTO EM VIRTUDE DO ROMPIMENTO DA BARRAGEM DE FEIJÃO - BRUMADINHO MG
651;DESLOCAMENTO EM VIRTUDE DO ROMPIMENTO DA BARRAGEM DE FEIJÃO - BRUMADINHO MG
652;DESLOCAMENTO EM VIRTUDE DO ROMPIMENTO DA BARRAGEM DE FEIJÃO - BRUMADINHO MG
653;DESLOCAMENTO EM VIRTUDE DO ROMPIMENTO DA BARRAGEM DE FEIJÃO - BRUMADINHO MG
654;DESLOCAMENTO EM VIRTUDE DO ROMPIMENTO DA BARRAGEM DE FEIJÃO - BRUMADINHO MG
655;DESLOCAMENTO EM VIRTUDE DO ROMPIMENTO DA BARRAGEM DE FEIJÃO - BRUMADINHO MG
656;DESLOCAMENTO EM VIRTUDE DO ROMPIMENTO DA BARRAGEM DE FEIJÃO - BRUMADINHO MG
657;DESLOCAMENTO EM VIRTUDE DO ROMPIMENTO DA BARRAGEM DE FEIJÃO - BRUMADINHO MG
658;DESLOCAMENTO EM VIRTUDE DO ROMPIMENTO DA BARRAGEM DE FEIJÃO - BRUMADINHO MG
659;DESLOCAMENTO EM VIRTUDE DO ROMPIMENTO DA BARRAGEM DE FEIJÃO - BRUMADINHO MG
660;DESLOCAMENTO EM VIRTUDE DO ROMPIMENTO DA BARRAGEM DE FEIJÃO - BRUMADINHO MG
661;DESLOCAMENTO EM VIRTUDE DO ROMPIMENTO DA BARRAGEM DE FEIJÃO - BRUMADINHO MG
662;DESLOCAMENTO EM VIRTUDE DO ROMPIMENTO DA BARRAGEM DE FEIJÃO - BRUMADINHO MG
663;DESLOCAMENTO EM VIRTUDE DO ROMPIMENTO DA BARRAGEM DE FEIJÃO - BRUMADINHO MG
664;DESLOCAMENTO EM VIRTUDE DO ROMPIMENTO DA BARRAGEM DE FEIJÃO - BRUMADINHO MG
665;DESLOCAMENTO EM VIRTUDE DO ROMPIMENTO DA BARRAGEM DE FEIJÃO - BRUMADINHO MG
666;DESLOCAMENTO EM VIRTUDE DO ROMPIMENTO DA BARRAGEM DE FEIJÃO - BRUMADINHO MG
667;DESLOCAMENTO EM VIRTUDE DO ROMPIMENTO DA BARRAGEM DE FEIJÃO - BRUMADINHO MG
668;DESLOCAMENTO EM VIRTUDE DO ROMPIMENTO DA BARRAGEM DE FEIJÃO - BRUMADINHO MG
669;DESLOCAMENTO EM VIRTUDE DO ROMPIMENTO DA BARRAGEM DE FEIJÃO - BRUMADINHO MG
670;DESLOCAMENTO EM VIRTUDE DO ROMPIMENTO DA BARRAGEM DE FEIJÃO - BRUMADINHO MG
671;DESLOCAMENTO EM VIRTUDE DO ROMPIMENTO DA BARRAGEM DE FEIJÃO - BRUMADINHO MG
672;DESLOCAMENTO EM VIRTUDE DO ROMPIMENTO DA BARRAGEM DE FEIJÃO - BRUMADINHO MG
673;DESLOCAMENTO EM VIRTUDE DO ROMPIMENTO DA BARRAGEM DE FEIJÃO - BRUMADINHO MG
674;DESLOCAMENTO EM VIRTUDE DO ROMPIMENTO DA BARRAGEM DE FEIJÃO - BRUMADINHO MG
675;DESLOCAMENTO EM VIRTUDE DO ROMPIMENTO DA BARRAGEM DE FEIJÃO - BRUMADINHO MG
676;DESLOCAMENTO EM VIRTUDE DO ROMPIMENTO DA BARRAGEM DE FEIJÃO - BRUMADINHO MG
677;DESLOCAMENTO EM VIRTUDE DO ROMPIMENTO DA BARRAGEM DE FEIJÃO - BRUMADINHO MG
678;DESLOCAMENTO EM VIRTUDE DO ROMPIMENTO DA BARRAGEM DE FEIJÃO - BRUMADINHO MG
679;DESLOCAMENTO EM VIRTUDE DO ROMPIMENTO DA BARRAGEM DE FEIJÃO - BRUMADINHO MG
680;DESLOCAMENTO EM VIRTUDE DO ROMPIMENTO DA BARRAGEM DE FEIJÃO - BRUMADINHO MG
681;DESLOCAMENTO EM VIRTUDE DO ROMPIMENTO DA BARRAGEM DE FEIJÃO - BRUMADINHO MG
682;DESLOCAMENTO EM VIRTUDE DO ROMPIMENTO DA BARRAGEM DE FEIJÃO - BRUMADINHO MG
683;DESLOCAMENTO EM VIRTUDE DO ROMPIMENTO DA BARRAGEM DE FEIJÃO - BRUMADINHO MG
684;DESLOCAMENTO EM VIRTUDE DO ROMPIMENTO DA BARRAGEM DE FEIJÃO - BRUMADINHO MG
685;DESLOCAMENTO EM VIRTUDE DO ROMPIMENTO DA BARRAGEM DE FEIJÃO - BRUMADINHO MG
686;DESLOCAMENTO EM VIRTUDE DO ROMPIMENTO DA BARRAGEM DE FEIJÃO - BRUMADINHO MG
687;DESLOCAMENTO EM VIRTUDE DO ROMPIMENTO DA BARRAGEM DE FEIJÃO - BRUMADINHO MG
688;DESLOCAMENTO EM VIRTUDE DO ROMPIMENTO DA BARRAGEM DE FEIJÃO - BRUMADINHO MG
689;DESLOCAMENTO EM VIRTUDE DO ROMPIMENTO DA BARRAGEM DE FEIJÃO - BRUMADINHO MG
690;DESLOCAMENTO EM VIRTUDE DO ROMPIMENTO DA BARRAGEM DE FEIJÃO - BRUMADINHO MG
691;DESLOCAMENTO EM VIRTUDE DO ROMPIMENTO DA BARRAGEM DE FEIJÃO - BRUMADINHO MG
692;DESLOCAMENTO EM VIRTUDE DO ROMPIMENTO DA BARRAGEM DE FEIJÃO - BRUMADINHO MG
693;DESLOCAMENTO EM VIRTUDE DO ROMPIMENTO DA BARRAGEM DE FEIJÃO - BRUMADINHO MG
694;DESLOCAMENTO EM VIRTUDE DO ROMPIMENTO DA BARRAGEM DE FEIJÃO - BRUMADINHO MG
695;INSPEÇÃO ESCOLAR
696;CONSELHEIROS (CAE/CONSFUNDEB)
697;COLABORADOR EVENTUAL
698;OUVIDORSUS
702;REALIZAR SERVIÇOS DE DESCONTAMINADORES DE PP
704;APOIO INSTITUCIONAL
738;ESCOLTAS/PERÍCIAS
739;ESCOLTAS/RECAMBIAMENTOS
740;ESCOLTAS/ PERÍCIAS
741;APOIO OPERACIONAL/ CARNAVAL
742;ADM./VISITA EM UP'S.
746;CURSO DE CAPACITAÇÃO PARA GESTORES DE UNIDADES PRISIONAIS-2020
747;CURSO DE CAPACITAÇÃO PARA GESTORES DE UNIDADES PRISIONAIS-2020
699;ESCOLTA DE DIGNITÁRIOS
700;BUSCAR VEÍCULO OFICIAL
701;VISITA TÉCNICA
703;CONFERENCIA INTERNACIONAL
705;ESCOLTAS/TRANSFERÊNCIAS
706;ADM./INVESTIGAÇÃO
707;ESCOLTAS/HOSPITALARES
708;ADM./CURSO
709;ESCOLTA/SAÍDA FIM DE ANO
710;ESCOLTAS/FORENSE
711;ESCOLTAS/TRANSFERÊNCIAS
712;ADM./VISITA EM UNIDADES SOCIOEDUCATIVAS
713;ESCOLTAS/FORENSE
714;ADM./VISITA DOMICILIAR
715;ESCOLTAS/FORENSE
716;ADM./CURSO
717;ADM./REUNIÃO
718;ADM./MOVIMENTAÇÃO DE MATERIAL E PATRIMÔNIO
719;ADM./CURSO
720;ADM./VISITA DOMICILIAR
721;ESCOLTAS/TRANSFERÊNCIAS
722;ADM./MOVIMENTAÇÃO DE MATERIAL E PATRIMÔNIO
723;ADM./ARTICULAÇÃO DE REDE
724;ADM./INVESTIGAÇÃO
725;ADM./REUNIÃO
726;ADM./VISITA EM UNIDADES SOCIOEDUCATIVAS
727;ESCOLTA/DESLIGAMENTO
728;ESCOLTA/SAÍDA FINAL DE SEMANA
729;ESCOLTAS/HOSPITALARES
730;ADM./ARTICULAÇÃO DE REDE
731;ADM./INVESTIGAÇÃO
732;ADM./MOVIMENTAÇÃO DE MATERIAL E PATRIMÔNIO
733;ADM./REUNIÃO
734;ESCOLTA/DESLIGAMENTO
735;ESCOLTA/SAÍDA FIM DE ANO
736;ESCOLTA/SAÍDA FINAL DE SEMANA
737;ESCOLTAS/HOSPITALARES
743;ESCOLTA/JUDICIAL
744;ADM./JUDICIAL
745;ADM./VISITA EM UP'S/APAC'S.
753;COVID-19 VIAGEM PARA TRATAR ASSUNTOS SOBRE O CORONAVÍRUS
754;PARTICIPAR DA FEIRA DE ARTESANATO NACIONAL - ARTESÃO
758;REUNIÃO ENCERRAMENTO DEPEN - 2022
762;APOIO OPERACIONAL/MAR DE MINAS
749;APOIO OPERACIONAL/DEPEN
750;ESCOLTAS/PORTA DE ENTRADA
755;ESCOLTAS/ADM.MOVIMENTAÇÃO DE MATERIAIS E PATRIMÔNIO
756;INTERNACIONAL - A SERVIÇO
752;BUSCAR/LEVAR SERVIDOR
760;EXPOSIÇÃO DOS ARTESÃOS MINEIROS
761;EXPOSIÇÃO DOS ARTESÃOS MINEIROS
748;ADM/CONVOCAÇÃO
751;VISITAR IMÓVEIS
757;VIAGEM A SERVIÇO
759;APOIO OPERACIONAL - UNIDADES PRISIONAIS DA CIDADE DE SÃO JOAQUIM DE BICAS
763;RODADA DE CONVERSAS
764;INTERNACIOAL- A SERVIÇO
765;INTERNACIOAL- A SERVIÇO
